{"is_source_file": true, "format": "Python", "description": "This source file sets up a FastAPI application with CORS middleware and a health check endpoint.", "external_files": ["fastapi", "fastapi.middleware.cors"], "external_methods": ["FastAPI", "CORSMiddleware"], "published": ["app"], "classes": [], "methods": [{"name": "health_check()", "description": "A simple endpoint that returns a health status message.", "scope": "", "scopeKind": ""}], "calls": ["app.add_middleware", "CORSMiddleware", "app.get"], "search-terms": ["FastAPI", "CORS middleware", "health check", "main.py", "FastAPI app setup"], "state": 2, "file_id": 3, "knowledge_revision": 8, "git_revision": "14de0bb100e7de436d5088596e93b93cb99a2161", "ctags": [{"_type": "tag", "name": "app", "path": "/home/kavia/workspace/code-generation/enterprise-project-management-platform-6783-6793/backend/src/api/main.py", "pattern": "/^app = FastAPI()$/", "language": "Python", "kind": "variable"}, {"_type": "tag", "name": "health_check", "path": "/home/kavia/workspace/code-generation/enterprise-project-management-platform-6783-6793/backend/src/api/main.py", "pattern": "/^def health_check():$/", "language": "Python", "kind": "function", "signature": "()"}], "hash": "58352bf5f133908bab16643199aa483d", "format-version": 4, "code-base-name": "backend", "filename": "backend/src/api/main.py", "fields": [{"name": "app = FastAPI()", "scope": "", "scopeKind": "", "description": "unavailable"}], "revision_history": [{"8": "14de0bb100e7de436d5088596e93b93cb99a2161"}]}