{"is_source_file": true, "format": "Python", "description": "This file generates and saves the OpenAPI schema for the API application. It imports the main app object from the source code, retrieves the OpenAPI schema, and writes it to a JSON file in a designated interfaces directory.", "external_files": ["src/api/main"], "external_methods": ["app.openapi"], "published": [], "classes": [], "methods": [], "calls": ["app.openapi", "os.makedirs", "os.path.join", "json.dump"], "search-terms": ["generate_openapi", "openapi_schema", "write openapi json", "interfaces", "app.openapi"], "state": 2, "file_id": 4, "knowledge_revision": 9, "git_revision": "14de0bb100e7de436d5088596e93b93cb99a2161", "ctags": [{"_type": "tag", "name": "openapi_schema", "path": "/home/kavia/workspace/code-generation/enterprise-project-management-platform-6783-6793/backend/src/api/generate_openapi.py", "pattern": "/^openapi_schema = app.openapi()$/", "language": "Python", "kind": "variable"}, {"_type": "tag", "name": "output_dir", "path": "/home/kavia/workspace/code-generation/enterprise-project-management-platform-6783-6793/backend/src/api/generate_openapi.py", "pattern": "/^output_dir = \"interfaces\"$/", "language": "Python", "kind": "variable"}, {"_type": "tag", "name": "output_path", "path": "/home/kavia/workspace/code-generation/enterprise-project-management-platform-6783-6793/backend/src/api/generate_openapi.py", "pattern": "/^output_path = os.path.join(output_dir, \"openapi.json\")$/", "language": "Python", "kind": "variable"}], "hash": "61e3715e79bc397fab3e70f503a41417", "format-version": 4, "code-base-name": "backend", "filename": "backend/src/api/generate_openapi.py", "fields": [{"name": "openapi_schema = app.openapi()", "scope": "", "scopeKind": "", "description": "unavailable"}, {"name": "output_dir = \"interfaces\"", "scope": "", "scopeKind": "", "description": "unavailable"}, {"name": "output_path = os.path.join(output_dir, \"openapi.json\")", "scope": "", "scopeKind": "", "description": "unavailable"}], "revision_history": [{"9": "14de0bb100e7de436d5088596e93b93cb99a2161"}]}